-- =====================================================
-- GEOGRAFISK SEED-DATA FOR SAPMI-PLATTFORMEN
-- =====================================================

-- 1. REGION (Sapmi)
-- =====================================================
INSERT INTO regions (id, name, name_sami, description) VALUES
  ('11111111-0000-0000-0000-000000000001', 'Sapmi', 'Sapmi', 'Det samiske bosetningsomradet pa tvers av Norge, Sverige, Finland og Russland')
ON CONFLICT DO NOTHING;

-- 2. LAND
-- =====================================================
INSERT INTO countries (id, region_id, name, name_sami, code, sort_order) VALUES
  ('22222222-0000-0000-0000-000000000001', '11111111-0000-0000-0000-000000000001', 'Norge', 'Norga', 'NO', 1),
  ('22222222-0000-0000-0000-000000000002', '11111111-0000-0000-0000-000000000001', 'Sverige', 'Ruotta', 'SE', 2),
  ('22222222-0000-0000-0000-000000000003', '11111111-0000-0000-0000-000000000001', 'Finland', 'Suopma', 'FI', 3),
  ('22222222-0000-0000-0000-000000000004', '11111111-0000-0000-0000-000000000001', 'Russland', 'Ruossa', 'RU', 4)
ON CONFLICT DO NOTHING;

-- 3. SPRAKOMRÅDER
-- =====================================================
INSERT INTO language_areas (id, region_id, name, name_sami, code, description, sort_order) VALUES
  ('33333333-0000-0000-0000-000000000001', '11111111-0000-0000-0000-000000000001', 'Sorsamisk omrade', 'Aarjelsaemien', 'south', 'Sorsamisk sprakområde i Norge og Sverige', 1),
  ('33333333-0000-0000-0000-000000000002', '11111111-0000-0000-0000-000000000001', 'Umesamisk omrade', 'Ubmejesaemien', 'ume', 'Umesamisk sprakområde i Norge og Sverige', 2),
  ('33333333-0000-0000-0000-000000000003', '11111111-0000-0000-0000-000000000001', 'Pitesamisk omrade', 'Bidumsamegiella', 'pite', 'Pitesamisk sprakområde i Norge og Sverige', 3),
  ('33333333-0000-0000-0000-000000000004', '11111111-0000-0000-0000-000000000001', 'Lulesamisk omrade', 'Julevsabmaj', 'lule', 'Lulesamisk sprakområde i Norge og Sverige', 4),
  ('33333333-0000-0000-0000-000000000005', '11111111-0000-0000-0000-000000000001', 'Nordsamisk omrade', 'Davvisamegiella', 'north', 'Nordsamisk sprakområde i Norge, Sverige og Finland', 5),
  ('33333333-0000-0000-0000-000000000006', '11111111-0000-0000-0000-000000000001', 'Enaresamisk omrade', 'Anaraskiela', 'inari', 'Enaresamisk sprakområde i Finland', 6),
  ('33333333-0000-0000-0000-000000000007', '11111111-0000-0000-0000-000000000001', 'Skoltesamisk omrade', 'Nuorttasamegiella', 'skolt', 'Skoltesamisk sprakområde i Finland og Russland', 7)
ON CONFLICT DO NOTHING;

-- 4. SPRAKOMRÅDE-LAND KOBLINGER (mange-til-mange)
-- =====================================================
INSERT INTO language_area_countries (language_area_id, country_id) VALUES
  -- Sorsamisk (NO, SE)
  ('33333333-0000-0000-0000-000000000001', '22222222-0000-0000-0000-000000000001'),
  ('33333333-0000-0000-0000-000000000001', '22222222-0000-0000-0000-000000000002'),
  -- Umesamisk (NO, SE)
  ('33333333-0000-0000-0000-000000000002', '22222222-0000-0000-0000-000000000001'),
  ('33333333-0000-0000-0000-000000000002', '22222222-0000-0000-0000-000000000002'),
  -- Pitesamisk (NO, SE)
  ('33333333-0000-0000-0000-000000000003', '22222222-0000-0000-0000-000000000001'),
  ('33333333-0000-0000-0000-000000000003', '22222222-0000-0000-0000-000000000002'),
  -- Lulesamisk (NO, SE)
  ('33333333-0000-0000-0000-000000000004', '22222222-0000-0000-0000-000000000001'),
  ('33333333-0000-0000-0000-000000000004', '22222222-0000-0000-0000-000000000002'),
  -- Nordsamisk (NO, SE, FI)
  ('33333333-0000-0000-0000-000000000005', '22222222-0000-0000-0000-000000000001'),
  ('33333333-0000-0000-0000-000000000005', '22222222-0000-0000-0000-000000000002'),
  ('33333333-0000-0000-0000-000000000005', '22222222-0000-0000-0000-000000000003'),
  -- Enaresamisk (FI)
  ('33333333-0000-0000-0000-000000000006', '22222222-0000-0000-0000-000000000003'),
  -- Skoltesamisk (FI, RU)
  ('33333333-0000-0000-0000-000000000007', '22222222-0000-0000-0000-000000000003'),
  ('33333333-0000-0000-0000-000000000007', '22222222-0000-0000-0000-000000000004')
ON CONFLICT DO NOTHING;

-- 5. KOMMUNER - NORGE
-- =====================================================
INSERT INTO municipalities (id, country_id, language_area_id, name, name_sami, slug) VALUES
  -- Sorsamisk omrade
  ('44444444-0000-0000-0000-000000000001', '22222222-0000-0000-0000-000000000001', '33333333-0000-0000-0000-000000000001', 'Trondheim', 'Tråante', 'trondheim'),
  ('44444444-0000-0000-0000-000000000002', '22222222-0000-0000-0000-000000000001', '33333333-0000-0000-0000-000000000001', 'Roros', 'Plansen', 'roros'),
  ('44444444-0000-0000-0000-000000000003', '22222222-0000-0000-0000-000000000001', '33333333-0000-0000-0000-000000000001', 'Snasa', 'Snåase', 'snasa'),
  ('44444444-0000-0000-0000-000000000004', '22222222-0000-0000-0000-000000000001', '33333333-0000-0000-0000-000000000001', 'Namsos', NULL, 'namsos'),
  ('44444444-0000-0000-0000-000000000005', '22222222-0000-0000-0000-000000000001', '33333333-0000-0000-0000-000000000001', 'Steinkjer', NULL, 'steinkjer'),

  -- Lulesamisk omrade
  ('44444444-0000-0000-0000-000000000010', '22222222-0000-0000-0000-000000000001', '33333333-0000-0000-0000-000000000004', 'Hamaroy', 'Habmer', 'hamaroy'),
  ('44444444-0000-0000-0000-000000000011', '22222222-0000-0000-0000-000000000001', '33333333-0000-0000-0000-000000000004', 'Tysfjord', 'Divtasvuodna', 'tysfjord'),
  ('44444444-0000-0000-0000-000000000012', '22222222-0000-0000-0000-000000000001', '33333333-0000-0000-0000-000000000004', 'Narvik', 'Narviika', 'narvik'),

  -- Nordsamisk omrade
  ('44444444-0000-0000-0000-000000000020', '22222222-0000-0000-0000-000000000001', '33333333-0000-0000-0000-000000000005', 'Tromso', 'Romsa', 'tromso'),
  ('44444444-0000-0000-0000-000000000021', '22222222-0000-0000-0000-000000000001', '33333333-0000-0000-0000-000000000005', 'Kautokeino', 'Guovdageaidnu', 'kautokeino'),
  ('44444444-0000-0000-0000-000000000022', '22222222-0000-0000-0000-000000000001', '33333333-0000-0000-0000-000000000005', 'Karasjok', 'Karasjohka', 'karasjok'),
  ('44444444-0000-0000-0000-000000000023', '22222222-0000-0000-0000-000000000001', '33333333-0000-0000-0000-000000000005', 'Tana', 'Deatnu', 'tana'),
  ('44444444-0000-0000-0000-000000000024', '22222222-0000-0000-0000-000000000001', '33333333-0000-0000-0000-000000000005', 'Nesseby', 'Unjaarga', 'nesseby'),
  ('44444444-0000-0000-0000-000000000025', '22222222-0000-0000-0000-000000000001', '33333333-0000-0000-0000-000000000005', 'Alta', 'Altta', 'alta'),
  ('44444444-0000-0000-0000-000000000026', '22222222-0000-0000-0000-000000000001', '33333333-0000-0000-0000-000000000005', 'Hammerfest', 'Hammerfeastta', 'hammerfest'),
  ('44444444-0000-0000-0000-000000000027', '22222222-0000-0000-0000-000000000001', '33333333-0000-0000-0000-000000000005', 'Porsanger', 'Porsangu', 'porsanger'),
  ('44444444-0000-0000-0000-000000000028', '22222222-0000-0000-0000-000000000001', '33333333-0000-0000-0000-000000000005', 'Kafjord', 'Gaivuotna', 'kafjord')
ON CONFLICT DO NOTHING;

-- 6. KOMMUNER - SVERIGE
-- =====================================================
INSERT INTO municipalities (id, country_id, language_area_id, name, name_sami, slug) VALUES
  ('44444444-0000-0000-0000-000000000100', '22222222-0000-0000-0000-000000000002', '33333333-0000-0000-0000-000000000005', 'Kiruna', 'Giron', 'kiruna'),
  ('44444444-0000-0000-0000-000000000101', '22222222-0000-0000-0000-000000000002', '33333333-0000-0000-0000-000000000004', 'Jokkmokk', 'Jåhkamåhkke', 'jokkmokk'),
  ('44444444-0000-0000-0000-000000000102', '22222222-0000-0000-0000-000000000002', '33333333-0000-0000-0000-000000000005', 'Gallivare', 'Vahtjer', 'gallivare'),
  ('44444444-0000-0000-0000-000000000103', '22222222-0000-0000-0000-000000000002', '33333333-0000-0000-0000-000000000001', 'Ostersund', NULL, 'ostersund')
ON CONFLICT DO NOTHING;

-- 7. KOMMUNER - FINLAND
-- =====================================================
INSERT INTO municipalities (id, country_id, language_area_id, name, name_sami, slug) VALUES
  ('44444444-0000-0000-0000-000000000200', '22222222-0000-0000-0000-000000000003', '33333333-0000-0000-0000-000000000005', 'Utsjoki', 'Ohcejohka', 'utsjoki'),
  ('44444444-0000-0000-0000-000000000201', '22222222-0000-0000-0000-000000000003', '33333333-0000-0000-0000-000000000006', 'Inari', 'Aanaar', 'inari'),
  ('44444444-0000-0000-0000-000000000202', '22222222-0000-0000-0000-000000000003', '33333333-0000-0000-0000-000000000005', 'Enontekio', 'Eanodat', 'enontekio'),
  ('44444444-0000-0000-0000-000000000203', '22222222-0000-0000-0000-000000000003', '33333333-0000-0000-0000-000000000005', 'Sodankyla', 'Soađegilli', 'sodankyla')
ON CONFLICT DO NOTHING;

-- 8. STEDER I TRONDHEIM (detaljert - hovedbrukerbase)
-- =====================================================
INSERT INTO places (id, municipality_id, name, slug, place_type, description) VALUES
  ('55555555-0000-0000-0000-000000000001', '44444444-0000-0000-0000-000000000001', 'Trondheim sentrum', 'sentrum', 'area', 'Sentrumsomradet i Trondheim'),
  ('55555555-0000-0000-0000-000000000002', '44444444-0000-0000-0000-000000000001', 'Moholt', 'moholt', 'area', 'Studentby og boligomrade'),
  ('55555555-0000-0000-0000-000000000003', '44444444-0000-0000-0000-000000000001', 'Lade', 'lade', 'area', 'Boligomrade ost for sentrum'),
  ('55555555-0000-0000-0000-000000000004', '44444444-0000-0000-0000-000000000001', 'Heimdal', 'heimdal', 'area', 'Bydel sor for sentrum'),
  ('55555555-0000-0000-0000-000000000005', '44444444-0000-0000-0000-000000000001', 'Byasen', 'byasen', 'area', 'Bydel vest for sentrum'),
  ('55555555-0000-0000-0000-000000000006', '44444444-0000-0000-0000-000000000001', 'Nidarosdomen', 'nidarosdomen', 'landmark', 'Norges nasjonalhelligdom'),
  ('55555555-0000-0000-0000-000000000007', '44444444-0000-0000-0000-000000000001', 'NTNU Gloshaugen', 'ntnu-gloshaugen', 'venue', 'Teknisk-naturvitenskapelig universitet'),
  ('55555555-0000-0000-0000-000000000008', '44444444-0000-0000-0000-000000000001', 'Trondheim Spektrum', 'spektrum', 'venue', 'Konsert- og arrangementsarena'),
  ('55555555-0000-0000-0000-000000000009', '44444444-0000-0000-0000-000000000001', 'Saemien Sijte', 'saemien-sijte', 'venue', 'Sorsamisk museum og kultursenter')
ON CONFLICT DO NOTHING;

-- 9. STEDER I ANDRE KOMMUNER
-- =====================================================
INSERT INTO places (id, municipality_id, name, slug, place_type, description) VALUES
  -- Tromso
  ('55555555-0000-0000-0000-000000000020', '44444444-0000-0000-0000-000000000020', 'Tromso sentrum', 'sentrum', 'area', 'Sentrumsomradet'),
  ('55555555-0000-0000-0000-000000000021', '44444444-0000-0000-0000-000000000020', 'UiT Campus', 'uit-campus', 'venue', 'Universitetet i Tromso'),

  -- Kautokeino
  ('55555555-0000-0000-0000-000000000030', '44444444-0000-0000-0000-000000000021', 'Kautokeino sentrum', 'sentrum', 'area', 'Kommunesenteret'),
  ('55555555-0000-0000-0000-000000000031', '44444444-0000-0000-0000-000000000021', 'Samisk hoyskole', 'samisk-hoyskole', 'venue', 'Sami allaskuvla'),

  -- Karasjok
  ('55555555-0000-0000-0000-000000000040', '44444444-0000-0000-0000-000000000022', 'Karasjok sentrum', 'sentrum', 'area', 'Kommunesenteret'),
  ('55555555-0000-0000-0000-000000000041', '44444444-0000-0000-0000-000000000022', 'Sametinget', 'sametinget', 'landmark', 'Sametingets hovedsete'),
  ('55555555-0000-0000-0000-000000000042', '44444444-0000-0000-0000-000000000022', 'Samisk kunstnersenter', 'kunstnersenter', 'venue', 'Sami Daiddasguovddas'),

  -- Hamaroy
  ('55555555-0000-0000-0000-000000000050', '44444444-0000-0000-0000-000000000010', 'Drag', 'drag', 'area', 'Lulesamisk sentrum'),
  ('55555555-0000-0000-0000-000000000051', '44444444-0000-0000-0000-000000000010', 'Arran', 'arran', 'venue', 'Lulesamisk senter')
ON CONFLICT DO NOTHING;

-- 10. MIGRER EKSISTERENDE INNLEGG TIL TRONDHEIM
-- =====================================================
UPDATE posts
SET
  municipality_id = '44444444-0000-0000-0000-000000000001',
  geography_scope = 'municipality'
WHERE municipality_id IS NULL;

-- 11. SETT TRONDHEIM SOM STANDARD FOR EKSISTERENDE BRUKERE
-- =====================================================
UPDATE profiles
SET
  current_municipality_id = '44444444-0000-0000-0000-000000000001'
WHERE current_municipality_id IS NULL;
